city,state
Birmingham,Alabama
Montgomery,Alabama
Anchorage,Alaska
Fairbanks,Alaska
Phoenix,Arizona
Tucson,Arizona
Little Rock,Arkansas
Fayetteville,Arkansas
Los Angeles,California
San Francisco,California
Denver,Colorado
Colorado Springs,Colorado
Bridgeport,Connecticut
New Haven,Connecticut
Wilmington,Delaware
Dover,Delaware
Miami,Florida
Orlando,Florida
Atlanta,Georgia
Savannah,Georgia
Honolulu,Hawaii
Hilo,Hawaii
Boise,Idaho
Idaho Falls,Idaho
Chicago,Illinois
Springfield,Illinois
Indianapolis,Indiana
Fort Wayne,Indiana
Des Moines,Iowa
Cedar Rapids,Iowa
Wichita,Kansas
Overland Park,Kansas
Louisville,Kentucky
Lexington,Kentucky
New Orleans,Louisiana
Baton Rouge,Louisiana
Portland,Maine
Bangor,Maine
Baltimore,Maryland
Annapolis,Maryland
Boston,Massachusetts
Worcester,Massachusetts
Detroit,Michigan
Grand Rapids,Michigan
Minneapolis,Minnesota
St. Paul,Minnesota
Jackson,Mississippi
Gulfport,Mississippi
Kansas City,Missouri
St. Louis,Missouri
Billings,Montana
Missoula,Montana
Omaha,Nebraska
Lincoln,Nebraska
Las Vegas,Nevada
Reno,Nevada
Manchester,New Hampshire
Nashua,New Hampshire
Newark,New Jersey
Jersey City,New Jersey
Albuquerque,New Mexico
Santa Fe,New Mexico
New York,New York
Buffalo,New York
Charlotte,North Carolina
Raleigh,North Carolina
Fargo,North Dakota
Bismarck,North Dakota
Columbus,Ohio
Cleveland,Ohio
Oklahoma City,Oklahoma
Tulsa,Oklahoma
Portland,Oregon
Eugene,Oregon
Philadelphia,Pennsylvania
Pittsburgh,Pennsylvania
Providence,Rhode Island
Warwick,Rhode Island
Charleston,South Carolina
Columbia,South Carolina
Sioux Falls,South Dakota
Rapid City,South Dakota
Nashville,Tennessee
Memphis,Tennessee
Houston,Texas
Dallas,Texas
Salt Lake City,Utah
Provo,Utah
Burlington,Vermont
Montpelier,Vermont
Virginia Beach,Virginia
Richmond,Virginia
Seattle,Washington
Spokane,Washington
Charleston,West Virginia
Morgantown,West Virginia
Milwaukee,Wisconsin
Madison,Wisconsin
Cheyenne,Wyoming
Casper,Wyoming